listing_id,conflict_fields,source_count
ee5aa8930327933bfe68d77ad9ed620f25c72aac,"room_number,building_status",792
9fed9ec90d9be69dcfad4cb18eea5fbc74fe3e17,"room_number,building_status",9
d12d000a6cc53040c8041bd27d64cfa73935a929,"room_number,building_status",2
e902cb48023c2dcb7373f3333d49f8de76c762b9,"room_number,building_status",9
88c487045e5bd178ce411e083f72280f45d2cdec,building_status,2
dab9f2299b9b9df165280beab68e9df96e45355c,building_status,2
8341c50f84d216c326ca67baa0c34270bb343515,building_status,4
cb7fadbc5e50ea525579083b3654fd07ea7aca5c,building_status,8
ff04d58e47fa1fd59d6d033ff3ef8f35b290b622,"size_m2,room_number,building_status",30
685225ca7c84f316dce21ff228a4fa94fdbb735e,"room_number,building_status",2
9e3cf46b761d79f3ab8c088c1eb7cef5fe799455,building_status,7
a0c8ada11dc3e61e82ed92af7a9c604516620c6d,"room_number,building_status",18
8a72e35090166190e29941091e9484776adcb66e,"room_number,building_status",4
dea4fab92b6bdfec0f37ef09cbe0cd0b0fe12e65,building_status,2
840e564c70bbab66a8e9c12aeac0717a85c34531,"room_number,building_status",2
461114de1feb349c37b6ac8224636a937c52f4c2,"room_number,building_status",4
85566e0557db0640f83c422c40f25c43c90e2905,room_number,2
9aad8f05a2f1d158d5fe2de7ef8c7430476daadc,,1
2548b6f1e8db0ba6cbec38403a5a91a59ce7d7bc,"room_number,building_status",4
f8c40e217faaa1946c488551bc71f3466a906925,"room_number,building_status",11
0a9811108662c2380bac49dfbf65e4e1bddfac3b,"room_number,building_status",105
0850a2a6005adbf57d9e6731fb19dcbd2a38f9a6,"room_number,building_status",78
3f8bdd9378ad58bc6044653f00318b436f1375f7,"room_number,building_status",7
1942a8bc6ff3636572597c51d6672fe33f4fc338,"room_number,building_status",14
0f16c9c9a8337cf057f96fdbf08e92aa8cdf26e7,building_status,10
c3705914abf0aa9ae5e8212a17c730d65c5df6e2,"room_number,building_status",12
8ca4a055f2e8abc2117c92226e34abaf39bca971,"room_number,building_status",17
87237e38d27bfcd06543c0491790e57005968437,building_status,2
d4b2c1081ac5374e93e75dc652ebbc0e52dd98ac,"room_number,building_status",3
66dc9ad6fdd2f081bde9904fdd11c45b699802c5,building_status,5
3abf06febf62334c5c3042ceec4dbf91d642a76c,building_status,2
e4cbeef7edbdd607c3cf5849d4f58429996579c1,,1
70c730ad1304729f7c9d6a89558cdf13f2fac4aa,"room_number,building_status",3
5f9136eec05ce1e730718d1a06e4e5ee3c4dce95,"room_number,building_status",18
8b1903ecc8c8e88d211e2ffb7bc0e27280f3a15b,"room_number,building_status",9
416fab7e38b38cd210afcb402aa1853d37e7601b,building_status,2
96f0314e4bb3c99263e91df399819bee11969392,"room_number,building_status",2
d464a9ab9c7ae77072211d44b59ca547f80bb85d,"room_number,building_status",6
ea8ec5c2d19b3fa2bc456df32ee602645f524383,building_status,8
267f59ef311cf40f29b7754dec079a8232b41613,"room_number,building_status",13
8b7cfe906fd18e2ada747c28457c265a30d07057,"room_number,building_status",12
4082c9c5884becf2f93f3212143a9de0bd47bfb6,room_number,2
c8117b33d566914fe13d31ffebf8c8c01b5b29dc,building_status,11
1dd0e1e65c6d6ca5b5ce03d14b57ed7fb9085979,"room_number,building_status",6
a3d70bc8ffc0491ebf6476aa92721e2a83bf0595,"room_number,building_status",3
bb043259c782564ba86cc010f27ee0d6fa0bba8f,"room_number,building_status",19
33968a5cb6421a18a9c4402a41f7abbd1a0703e6,"room_number,building_status",8
bfb88f01359bec07eb7342f896f4a2283b445da1,"room_number,building_status",4
9079502d881a2f030e29c495cee3a5351c8e575d,,1
199dbbef42fa1165cff8455bf75ffcb69a698c5f,,2
c80e2b8c9840a8d85e14453daa624bd7b3ba9f40,,1
9a1c2a65dfc6e129f02a03cdf3ab718e581d4599,,2
683f18f8dbf3ae5c29d8b0d1b41ef000865a087b,,1
5c7d3cac5fc996aa67e2e4511ac9bbfac8631824,building_status,2
ae0ed67aee56258ccf107c1fe146bbf6bab2716e,building_status,2
417811cfc1e2beac1fc5d3bbc8110e1a4b8d34e9,building_status,2
60d2146eb51033e050e1233b0471514f2336add9,"room_number,building_status",4
21a436a154aefa3ed71d9bad8862ebca5f1bf696,building_status,6
7b5672f58f8269e8bfb62a84ee6ce1e65ef1b91d,"room_number,building_status",5
37a9b2a8235c35e511909786bede8e0f4734b972,,2
ad92d3efae2877a0eca17fb08b1b654029ec2559,,2
9d6bb4ca250037339d96d84bb6699f66267ee153,,2
5abb420276b4da3fbc3ecf6fac2dc28cc9c4048e,building_status,2
85a6e2b53af4fe64dd183aefbe012c1a16499006,building_status,2
f128ddf60c8830c28003ecaa7fa66527be88243b,room_number,2
41aa11252aef96586ff611c0cd4a842ace49cd70,"room_number,building_status",5
c0f17936d1af91f6f0593d6d86fa5fede053dc54,building_status,2
fe1704850c6956c91afde9e2c4afc62834b0013b,"room_number,building_status",7
9230f17f06f02d38e5705235b4f7339ebf9c9808,"price,building_status",3
b934022167d36d1bb71a7d2ad41883ceab6d38f8,,1
dace9d5f6a4c8b423766880e6d5abc40336062c5,"price,room_number,building_status",3
178b498a5f80738f2585c1d035d97e9cd497c6bd,building_status,2
ff4b1bf72b526eb09a27db425eb0950ddea3eac8,,1
43308d33293fb3bb81784b2a724fe671d7ad0f65,,1
7bffaf9016cdab02da16abfd2a408f8359565a3b,,2
cc2f165e0ef009951fe89cce320e0a7b8d1f9e8b,,2
06ec404627b0b98a242be8d54b58a85c6ff9b40a,building_status,2
4fc83220af2587f124ffbcbe201f73218100ceb2,"price,room_number,building_status",8
c9ff35b15d5958c615292f63bc694b63af941c91,"room_number,building_status",5
8229b97ebf5ce9bef6ea0af9b3a9e458f33777b1,,1
8341c50f84d216c326ca67baa0c34270bb343515,,1
12674c973a863af262a3b740d4bd8f3e94b04a0d,,1
149be70c90296f9913823a5f0127fdbe70be94ba,,1
8801950abf1cb68f00656e099b79440573401201,,1
c29449cee25d0a86f7f0acf93e1a1a01cc2cc339,,1
967e5a2b72108fe32add589961d2b1b970bdfcd4,,1
97c4423a85368363cccbb97b6987ab87454b842d,building_status,2
cfee5626ca88b532073b577151b1c6266a13b94c,,1
4f480e6ad4b9c00af767bfc905fa7d8cbfb6f844,,1
43c36a630466b962e6ddb25b8bc6773708045721,,1
d1237148ca55f84722c2714a05e0ed55b966c463,,1
8c44c3137c6a5e3225755c2727541adeca8450ce,,1
edccf8d99e826ac37aa4a45eec375394a57f7a9b,,1
cfee5626ca88b532073b577151b1c6266a13b94c,,1
9acdb718bcdf2e748b1ee5a05ff5cb3fce7d5ea4,,1
d17e914639d5ae8871d5d6c66faaf3476fb831b3,,1
e81867ac14b789257a3ed6cc85c5a5e3fa63e795,building_status,3
f8c07b1c05d0a32303d87d5bc7aacf7a413af064,,1
7e34d7ec0a965224692800861ab8e98e03527d51,,1
88b25204f1051ea0f01fe03908a157b79b4cedc7,,1
e2cb2b874ca0bff35f4cb1de482a9e66e27f79ad,building_status,2
04d3d1f4a1ddea3b98e1a86c11377f0b7abee5d1,,1
285c1556a61136429e5c92b55dc1a9387d984698,,1
1897a3dd1ee6be5c65d6c209819c284e0b25a073,,1
7ee3d283e5085a55f10b15bba63f2675e4b8e0ac,,1
539713c1ffab381896e216923e90e40f819e968e,,1
c7bdf6d47cc5ec153a41511fb6f6652be231692a,,1
04d3d1f4a1ddea3b98e1a86c11377f0b7abee5d1,,1
af43c26812b69910cc49489f73c13298e1b7440a,,1
2f0985325b1bb854d82b30c8abd2080eb4a51487,,1
35b1056c7d04911b93ab005539ee873e95581738,,1
12fbb0b421854dc888014d7a042d27380e9b0b24,,1
b18cf7152afb23e0f54fadc862373808d8bb2804,building_status,3
715ef93ee9ca997e50c636ad26e62845ecee5936,,1
621c719491d03473117822bcc41e6832a1f7340f,,1
539713c1ffab381896e216923e90e40f819e968e,,1
539713c1ffab381896e216923e90e40f819e968e,,1
ec852487c16a3c3f82363adad1ecad76fa37df23,,1
e40cf7a887aefc772f0773cb7003292cbe15c586,,1
826546eb0eb5bf7f0c3cece7ec6e7a5fc9ca7199,,1
fec9bff81646f9f33ac0956b4c4bd33a7cd7616e,,1
77b81c5edf97da8fea4676fd6ff299157158f95b,,1
4d7a469f24378b4d146fe87f27f552da3b630f01,,1
312a1aa933fad8daae2ec2f0c292e872f1d5433c,,1
03980c278469191bcae5d494f46922d4dcfe0f75,,1
bba387e9ddac6f76dac901fdde8c1feef979999b,,1
b1c7aee8e9a3dab8dfce84765ba75b38249b59d7,,1
84535eb24b58fd040909a0ca2812c5684273da0f,,1
2f0985325b1bb854d82b30c8abd2080eb4a51487,,2
4846193ec291fcc874f112327255b11c95244cd0,,1
539713c1ffab381896e216923e90e40f819e968e,,1
9c4f09eaa8c664d6bd60320ea7449efa346e0118,,1
3708517e8c487e76df368e68276114c1131dee9c,,1
fad730eee616583dbebcba5687bbd896088d851d,,1
317898f6462cfb8071da80de755e7cea9bb551c3,,1
4d7a469f24378b4d146fe87f27f552da3b630f01,,1
2ed1fa1704a462e115590eb75b7dbd415513c6a0,,1
2cd5cc265323e072781fcee41c0620a75c69e363,,1
2cd5cc265323e072781fcee41c0620a75c69e363,,1
2cd5cc265323e072781fcee41c0620a75c69e363,,1
2cd5cc265323e072781fcee41c0620a75c69e363,,1
2cd5cc265323e072781fcee41c0620a75c69e363,,1
4f0b007462675aabc91089b9d26ff12b8293cd00,,1
3b0babd703c7a73ae308b88be852817698a22f19,,1
3b0babd703c7a73ae308b88be852817698a22f19,,1
2cd5cc265323e072781fcee41c0620a75c69e363,,1
dd4b9c4fb00c9ed099ce69de0d538b0779dbcb89,,1
2cd5cc265323e072781fcee41c0620a75c69e363,,1
238b5ac3d9cfa4a17891e8be095dbd72dbecf8eb,,1
2cd5cc265323e072781fcee41c0620a75c69e363,,1
2cd5cc265323e072781fcee41c0620a75c69e363,,1
2cd5cc265323e072781fcee41c0620a75c69e363,,1
2cd5cc265323e072781fcee41c0620a75c69e363,,1
2cd5cc265323e072781fcee41c0620a75c69e363,,1
2cd5cc265323e072781fcee41c0620a75c69e363,,1
aaef8932766366695c771eae10ec29f4688ee21a,room_number,2
2cd5cc265323e072781fcee41c0620a75c69e363,,1
2cd5cc265323e072781fcee41c0620a75c69e363,,1
2cd5cc265323e072781fcee41c0620a75c69e363,,1
2cd5cc265323e072781fcee41c0620a75c69e363,,1
2cd5cc265323e072781fcee41c0620a75c69e363,,1
2cd5cc265323e072781fcee41c0620a75c69e363,,1
2cd5cc265323e072781fcee41c0620a75c69e363,,1
2cd5cc265323e072781fcee41c0620a75c69e363,,1
2cd5cc265323e072781fcee41c0620a75c69e363,,1
2cd5cc265323e072781fcee41c0620a75c69e363,,1
dd4b9c4fb00c9ed099ce69de0d538b0779dbcb89,,1
50281112b648a656eed77ec8ceb07abec00becac,,1
2cd5cc265323e072781fcee41c0620a75c69e363,,1
2cd5cc265323e072781fcee41c0620a75c69e363,,1
3b0babd703c7a73ae308b88be852817698a22f19,,1
2cd5cc265323e072781fcee41c0620a75c69e363,,1
3b0babd703c7a73ae308b88be852817698a22f19,,1
3b0babd703c7a73ae308b88be852817698a22f19,,1
3b0babd703c7a73ae308b88be852817698a22f19,,1
2cd5cc265323e072781fcee41c0620a75c69e363,,1
2cd5cc265323e072781fcee41c0620a75c69e363,,1
9cf2a765ac9af2ea932d6c73720ca40d702500cc,,1
42732ff30c7358c2d8a31ba6e3d30a59a4302b33,,1
7008a058a2a95f03269a9ca3a44528f19709448a,building_status,2
3b0babd703c7a73ae308b88be852817698a22f19,,1
3b0babd703c7a73ae308b88be852817698a22f19,,1
2cd5cc265323e072781fcee41c0620a75c69e363,,1
2cd5cc265323e072781fcee41c0620a75c69e363,,1
bfebdae36121e08492c85cae997df47503f1a618,,1
f56c6fa5c379875466e04addb62cbd078b28b37a,price,2
5d33ce1708b6f0f0edb7b96ec719fb107119fc12,price,2
1b4033f68690ec0f6b0416f18769744cb2ac6da1,,1
26cee009ec89d401cc96afff5b9364e6654c5a87,,1
bfebdae36121e08492c85cae997df47503f1a618,,1
9aeb29d3589c7ad68badd878bba121c3d960970e,,1
bcb695acbed894f7e7313b17c1017c6a1ce0fb3f,,1
bc28c9d4507d47564cc6a8ee2bc71e1a37887b27,,1
57f8e17a618a5581a63cbd6c3bc7097a145305aa,,1
1ee8d60e80daa5160e87f68bf2daa5b19ced1c29,,1
435fb6407c50605c05b6502f54ca0486a3b2d01b,,1
42835169bd9bba0c2cdb46a5c7d96f448493156b,,1
41aa11252aef96586ff611c0cd4a842ace49cd70,,1
d02404c25762618d91b4414dc487aaafb9a4ed85,room_number,2
7a7ab8a0dd39ab18a8972d47263260323ee210e2,,1
48dc2e1f156bf8d731433fb671f9556f441b86c9,,1
3ec94ca7d4426f0c6faf566877331f0491e98cc1,,1
75a8b7ceec7e26c96bc5e4b43e79d28ef0baae17,,1
87c02aaef832c641e0a04b52106d46a51bb4a895,,1
dcd206001039e9f1a5ff03b54038c450342c3586,,1
3a34fe181e7b45ba7b7f6caa871b2e98f65bab23,,2
306f9b7241b43c17aec54437c206a7ad00133c52,,1
760f969275331b2d44e3ddcb2bee406fed7ab4ce,,1
a86fcb087b85b41ce3be3d77d2c04e67be026e1c,,1
006059adfd08920fadb7dd2d2aa5065f45e8c614,,1
401efb918aaa065e7dfc438deef93838000fc870,,1
42263c28826a73e7602beac66dfb2ecd3f56e4b5,,1
76b7d87d7d92082a46a8f1ecd834f5e2a9b3553e,,1
76b7d87d7d92082a46a8f1ecd834f5e2a9b3553e,,1
522b6ffc6fb2ebf1c8a9358153e17085ad346973,,1
a98d2bb749e303a84756a210364cb5f29f6e228d,,1
b59272553ecc5a2650d77c63d95314175ecd063c,,1
47470bd1bce6e09c8cdd9f79c26ad2a4418e46c6,,1
ff9dec96944543f894c90ff8327455012166b310,,1
2f048eddb41a7152ad4fef5f9c433375cc424684,,1
b78766ae175c4fae0958bd155452951ad40be416,,1
d0921f170bbb6fbbea3630aa424ad950b6c8d75a,,1
d17e914639d5ae8871d5d6c66faaf3476fb831b3,,1
bab595ec98bd9ffdffb905445b3d4c8bcb2c4c50,,1
3153f6b44e964641137da0da7d908032eb8c715d,,1
401efb918aaa065e7dfc438deef93838000fc870,,1
522b6ffc6fb2ebf1c8a9358153e17085ad346973,,1
e2fff8ab22c7065f6030f8e8f321ca92ffc9ea76,,1
0e6213d7aa09804d30464d9582f9ce4f42dba540,,1
b5d1697113a43444b08e01911290b093cc80c1ff,,1
030669358b952c8519b1bb1a60d709830259ed07,,1
bcb695acbed894f7e7313b17c1017c6a1ce0fb3f,,1
918c8b2e0b0954f4cbe6451758d6415aa17824a5,,1
bf043470cb5d0d0dcd04ba70cb552f4e9d1ff3fb,,1
5ca1e01dcf4a06a40149cc1e6f1f00bb0d2799fd,,1
f1ebcaa008534ab8215658188cc416ffd1284f2c,,1
d78bb3d3e22da5c60dbcec559223e9fd3d1dab74,,1
a979078df05b14762fe9c01cad3c269124582e75,,1
b54fc2fd805e8adb8e9dfbe90acd858484362d48,,1
e43b5be9356c64b76fd4e8b8d123b348edff53ac,,1
9cecf9516563ef466217fc345ff3e06108c270e5,,1
3035665def0782730031bea4f844ffcda67571af,,1
e582c2fcd93fee1684120c0ad12e7c3dc3e33eac,,1
499daea082eb3c6ca96f1a5d8451ffa950e55e80,,1
b79742febf2f0c44abee91c8aa8e20870554ba3b,,1
8045c53b93d533f2b377a48acaee482680f5498b,"size_m2,price,room_number",2
52279ee4f148ca6304e33527c66d1ef63868fb69,,1
a978735a7130b12aacbd6a13fed5e5ed2392da49,,1
3691fbeb28336ab763d95e49fc84fb3b33cc7b7e,,1
6bf3a706d6822bea0180dbede8ad02cd01c146d5,,1
07c5fca5552798d1a4ee9f588f3ab87af258ed13,,1
ceed0689319c7aa9663692515850876a4dbc56d1,,1
1beb23b93e232871ea0be494715ae9f3355176d1,,1
3329b154f5dbe0e825809a749f41b424ace9414d,,1
6cbfb1b274ca0a676cf751f674448f718e7db6f6,,1
cc126751ce0a2de7d79f838f8debceef786f0736,,1
ee999d4a8aa0e645ac71a56bd6786b66ae55ce0f,,1
f54cd40e99437332ffa857e759d70236a94f7874,,1
72ef66299fbab598563639af4cb9b88a803d10b8,,1
85199e6fccce16c711c1cdda95a9ae079b77980b,,1
a7956a13b89f87cd97324518d7463c0d3185af86,,1
7f1bc266f1b8635f55e086db65a592a6c1273641,,1
c78af18c7dd34d57572a379a3f37c5023a8abf6e,,1
8d0461c682029aa5134d0f1f4e16233e74922987,,1
ac427c420b13f317777b9a59e7aabb68d70e5e2a,,1
08726bf73f35fec9e4e53b99dd5a86ba52f69d54,,1
09981e04c3688beeb87d838ea5f516b6bbc6ba9c,,1
cc5868d6360ee977f4775c4bf20545eac8a53474,,1
4b96f3abdb83291ece6420f333c8d92ca1bfaecd,,1
a7bebf3f6e0b137355a43feb434e710f8cdc321d,,1
dcb2f982f9c96fa2447c85eac156aac62125b4cd,,1
4a2e2bebb349c2309e77f7fcbf6c5b11f2aa211c,,1
749ba45941d90b976ec2060b42ec5526fd88e704,,1
fd61cb09b707c76ffe27c61d8b4ecae0a99d7004,,1
247a916d5550ddd6be7279a43ed2fbe492d3d838,,1
2abd6a6820edf757df609b5f18bfe5e09191a755,,1
655067be4ec85403d0bf860634a8a1bd466d03f2,,1
45a50fd8337446787d26c5a65e234f243b2231fc,,2
054d7942e70dca1b4f130f73dc58003edff96d26,building_status,2
f9824a96ac29191464370c946684bacf7b04a44e,,1
1d7eb1470bb122b7d41e5997c412adc009d5e95c,"price,building_status",3
deee99c76019cdf5284717f9f7c5efba2f78f189,,3
264de53a8b5e6bb7898c5aa20daf1bda08a496ad,,1
e6967a0d48294801cfd26329861cf7fe649ddf41,"size_m2,price,room_number,building_status",6
faa65fa4c23027de0784a891f973a6ae2d305922,,1
41009a63e0b088c6788c15db432ebd32868f5c8a,price,4
38d42ef3495b1f3c360859d7d4a993023b59a5f2,price,2
0319af8ca1030e459b80b8f1623b1d11535ee0f8,,1
e2c82c79f711722aac59900b947dd463569105ba,,1
5cbc7da63e38e93f26b7fb8f091140a345ea4f6f,,1
1abe4f6c58b66bbec64ab2ab80ecba3c28ca550e,,1
d0845df134c723aa75ef7de0cfadefc9d8176148,,1
372fc46fbdd90b8d6bb424998ea8924dfffb8bf4,,1
ec5826a3f61c18c1c89e1040348fd66090d0b4f5,,1
d93dc0d304c194331a1825d1a501a79154bb339c,,1
2f0985325b1bb854d82b30c8abd2080eb4a51487,,1
961459aae87bbf1d757086f99d0cbe25b9cf65f2,,1
9f3c965eaa40baf4064888bd023075bafad6c5e5,"room_number,building_status",2
ac41c42541815aa84268703ac8992e10dde40450,,1
621c719491d03473117822bcc41e6832a1f7340f,,1
11355ca8371ccad0404918312eae44dd1453f57d,,1
c005d356bfb4ffd3d886219ea423de507ad2695d,,1
d8e537ac86017c07b979c15511f3ef57aa71c382,,1
97504d5366884a5e670995df6250833e05c583fa,,1
37b76a2907879dc221cbba65224f72b89144bdd2,,1
715ef93ee9ca997e50c636ad26e62845ecee5936,,1
8e74722159a969f69baa8238781acdfe979471af,,1
7b52651c96743afab1f2f167b6ddfce21059fb47,,1
716462f8ed4a00607a831a6fb86248ea41ec6a71,"price,building_status",3
e015c603cdea5e138d1cd6b0b496e3220a550f74,price,2
bba387e9ddac6f76dac901fdde8c1feef979999b,,1
8c801cd14e99b929ee3ba22d91b867706d0659b6,,1
25d02eb457f4c5c8f0f06feb689f741f51fec8ee,,1
4997509af03edcd3c3ab6b8bb7b5587ea0c3a1c0,,1
279368d2b2b4431944df21613d1e4698006f1429,,1
e40cf7a887aefc772f0773cb7003292cbe15c586,,1
4519150e2227d47c3c12d494cce631629e191b31,,1
fec9bff81646f9f33ac0956b4c4bd33a7cd7616e,,1
ee824b009fae1ae0519641ea7d5c63cf4e04f3a6,,2
6fa7c26fb293c34eddfa7fd17b85c8d5733019aa,,1
987435ce01019b8887778dfddb2869992fd904eb,,1
3cb38c08886be1988b874196332cce17b00acc84,,1
0150e34f3c70dff0e85d028e9bd9338347bc1a65,,2
8277df6d160b371215a80b4f44d4dc83dad5f1ed,,1
80eb6ba07057e0c11c199ca20b6b2a67a9bbb5bc,,1
bab7e9a428410f566388b4305e3c133999d168d1,,1
683ca80cbb590bbba0de01341732c05790be784b,,3
37acb4d25f6eca095018fb2089906a8421d5252c,"price,building_status",2
61462a133a660a2d64ec301b3956fa7ac66b641a,,1
434fb27dd8d512d97a64726d5dcdea39dcfd2725,,1
2ab7c9956b3f20d969ea7aab595e9239a797f9c3,building_status,3
945b8852c78229ab08c0ef3f99d91655d6eed063,"price,room_number",2
e208090da5321be1228ba2a8f125bff17d5e1b4f,"price,building_status",2
c783beed0122210bc3cc06bff7db92ed05e25f7d,room_number,2
b545ef337865d1ed21fef7fd09084712040e937c,"size_m2,price,room_number",4
f84e3fd84bb7cc60381b9609f419a62d6227ea56,,1
8d3f4c0923ee835eef09dc98acd8240ee38782c8,price,2
95fa56ef39155116a0cd92bc7da38d2c656061d5,,1
aaac473b2289c0aefde974ba30cd335953401524,,1
2955e6f812996c35b7ddbbbb7ba0a3ae34e6f2bc,,1
3fa568ddfd3ce08de0d0fbcdae5b921bc6a74a8b,,1
c006bc4e6c0f1663d84ace357f54445e5cc428d3,,1
16ec431c9665767e39727b8e1b23e6bd46a46aef,,1
255db9b74baaccccfeecd3e8275a39e51213ae5c,,3
65b8f34879f8948424d7c913c93f090c5f6bf000,,1
e39f1bf8f4aec5a6d5df9e761fc04ec9b5b512ff,,2
50cdc9a80ff3014ee6f3e23d944c18c085b79a5b,,1
fd268587ea2660f6203b268f3a37ea69188166d1,,1
03f644d85320528cb452a47b37cdcfca4f1d4a6e,,1
b366bb1ea2476858db0ec4cb26f90eaf955031df,,1
560d0c88eef596d6215d5d3ecdef2ed712479102,,1
c1b0bcc4a1e59dc197ec3f16b8a5854c6f42a8eb,,1
c90cd64039c2ae408120abd5ff7ccb8a9187272f,,1
ae3706a9cfc8b1abe2b5091f94d7218e009d79c1,,1
7ce3ddfb7d98eda52f63f434949404a2044d560e,,1
426df0ccc087b4241c5174ce4521e8ab9b394ed6,,1
46ccce8c0ae1820891869ab96b0139856d897e85,,1
5cb6ace10358ef7cc9ffdae6ee1a84fca761e3fd,,1
f5317996fe3eedc9297f3a0a5e933d257cd2fa34,,1
74fdb1d0962527787924999bcfa5848927144ebf,,1
fe1f71c49ecc664997bff5342bdc84f1a465de12,,1
3dca1d2435aee5793a475a488c36cc74dd517772,,1
1dc65a83ed1adc51f3d59362bbce6815fb34d5ee,,2
255eeb55923e75c64dc35a862ef78d0f0acc6d13,,1
2e437747c8a7d5af0434d42b9f2d084daee79f8b,,1
2b5afc9465b11985774d02aa155e33b9c8708e19,,1
84583356bf0f5cec3680346774952604c4f2c82e,,1
86f1d9bb618106c09f60fb79a4c030ff9c1f95f5,,1
a3d432274776499b8ff3652eb1df4f268dd22e35,"price,building_status",2
9c4f6affe77480c065f1d3038119eb59ab00aee9,,1
fca3fa860a46dfc33476ea82def2d6314b207b11,,1
8eb34c04b20f259cbc90ff9d6f1415ad6f333f2f,,1
182c9f459e773afb9fb50e5db402719b69b37a72,,1
22116d9a8f8937516d2b8294692140bb370eb69f,,1
43eb475e7a9f36fca34edf5b603e5199b83b18c7,,1
40825fb0ffd085dc18fcb53a2a6c969454669ce1,,2
88e2649783e18ad864b316e6df20ff8152d326ef,,1
975486e91849604aaf8e74ca46ed855f3da45298,building_status,2
987b397a9ce4199f26d2e943bb0b60f19aeac589,,1
97029f573c91375551ad571b19baa3e9f0ecf9a4,"price,room_number,building_status",2
5ac622a3592c04f3f49090920a683a7ab1d89af4,"price,room_number,building_status",10
01908567e6ba387918c75b06e8eb1da55b1f9e7f,"price,building_status",4
ee05bc74c290f732877199646fb8591a8ea05bd3,"size_m2,price,room_number",9
d5331294086cc26c6f489e2dba1bb0f20021d2fb,,1
86cdd9f409fe5ac8b60f8f5d85c40ef9c1ae5db4,,1
3eeaae5b59170e0e4fa565fc48088faa95be1301,,1
19aa09829002e46a0e9c916c3318d7e5cfc7d0bb,,1
f3c13e6807a8f3feff55c004162ffe5f934004d2,,1
415900386d0e4f7fe85aa0a368979facba03adc4,,1
9e872e3a95e8f81cbf7289eab872f845490eb92f,,1
8a3544931cceedf6d2b67e8a7e5cee6385b62e18,,1
5fbb8614d5b6e4004c57769b8dad46341fa91c4b,,1
a93afefa2e158a590b57ac9e8410e4213b96d2cd,,1
0bff03249e4daeac5c11d7d1996465fae16c2d7f,,4
fce0ab082f7973ab76451e30dfb6de57d725c2d7,,1
d86ec8c2941ab922a7227d2fc45875f36699c50a,,1
80d846dd083913342827f75b097ffa58d524864f,,1
988b74a413dc6f88329ffef059bd0bcd5e1c0d71,,1
c52c5597ea5366f7e03f7863a21470ffe8bb6d97,,1
f19bba08f06bc1321bf4df9ad246fcb464a389f2,,1
c581f866d2950f7eed16d45447b8caa1312ba47f,,1
82b5a01fa6e120beafc3e0b6caef7e3acc6806b5,,1
8e41bdf4676eb738de533a0d8beefd94bbc9980f,,1
9181130beebf7de4a4d6c8003750d6685e48fd5e,,1
19aaa9803699ce336b7c73fe338abc1dcf825f7e,,1
1bf7b811daf1518bd227a05c36501236cf12d6f2,,1
55075cdc37f0f6f4a73d72c4e003f4e23ec2fb0c,,1
5fb66b90b0bf72f40c7ca2be1c3451fe4a78a029,price,3
a5bcf6619615d3b072d75dea5bdda39ca64406d1,building_status,2
dd8b2ef6e157772f13df83359c38b12c65246bfc,,1
2d2daa123a3a0c6f44dbf8310f4bd92ec42b1d40,,1
86ef67d84d61a727e31b14dc8bf76b3cb88882d7,,1
0b135df069fcdb0fa8e9e0c318c308c66f64c22a,,1
604ab4b4166f9d3986d684adf62a20ae4f102a5a,,1
205b7d47eef94c81009a2738f30f382d2357b73b,price,2
6bfe6b157a894cf0b118d10d534f55df5e9e11f0,room_number,2
9d9a94081f0ab19adecd7a9031252c6c509f772d,,1
775949bf4d6d1f892fb2630e99bf9cdc335510e1,,1
479e210619b1bc83848c59c2cfa08a376a5ab613,"price,room_number,building_status",3
dfc86818845e43ca1db7f548009d5f37741658bc,room_number,2
398a12a6c3032d2780cdd604f8ee5bc29b9fcdc5,,1
9135f4d8e5aedeebe4b84a71da9fe457bac84fe6,,1
27c405bcc20de3589a88f6197cda10e8e8fb8582,,1
0044ccbe34ebca0b3a1e316b09d02ddab27103a4,,1
a8022502c0304bb5bf009f6664fca14e79ffdd46,,1
b4ad768e313e9b256f7596ebf3f23de0bf21be3b,,1
5c561dadc107c78fa08886e7ad8cc2c101c0c88a,,1
23c87ddcba87a80117bd3656f77713d05cbd82f9,,1
2358af72ff573d0e3c442f1153b80258aeb235ff,,1
b97bbc1d4d4b0704084ce299e28e83552bddc75b,,1
6fcc88921c68ce712b4ea5789ec6d705370be49e,,1
22e403ecefb0903c256d67990dce8bc4674de21a,,1
c58f94a737b1bd6601a7a5c20657315e51db10ac,,1
c9f46bc00c8b0844f95dfda0338a849700b48705,,1
14a72260dcd3ff5a9113badcdbe3b2afe08a502e,,1
05b850695554dc2316fd7cd6d79cf6c12fb2efae,,1
fec9bff81646f9f33ac0956b4c4bd33a7cd7616e,,1
a880a9695d177c6a2207156bcc38531fbeb56a12,,1
94d9f28c42d9a400b8b1d580b5a109b9ba1e5f6f,,1
a45ea45b194e0ea44819563c95762405a03d7344,building_status,2
2f9cc856d1aa819f19b3a085cd3d898a4accd136,,2
5b9d790a34195544dab482f50d863c067a2dffd2,,1
99ccb324a01765c1f557cd5bc57f4d327e4451d9,,1
9e28bbe3f4fb94ef3733830619ee46ac9beef69b,,1
9f54ccec44ea51f50e9f7e3732b0d4764ecd38e2,,1
9de72a4e3523555019f5299d3f65ac0d8e2eb69d,,1
7b16452123c5d078cda9d227d9248ad77f53d332,,1
ef6eb51c7b9bbf2b3f74e7272ef7808a7a9ad972,,1
f62b749ac3cac329c0f408b1679969c73f2da683,,1
e7bb4cad5b7af30f226c9a0467f4575aea1d3240,price,2
c4954ed28a38b0baede1b64cc2fc486b30f99fad,,1
26a23ea7db7d32281a460ec6858a0f3a1bde727b,,1
db1fa2eb5b76383342841d4efb5a3bbfe93c4887,,1
016b4d88c5cdd6fa24b1058a04a5fbe497c6ad1b,,1
2579bd79f6a08ac7503e079061ddc5f74edb79a3,,1
baffda4bef32eb031c815000adb48135e566cf22,,1
64d4c9938e28f37e4161ec1c205817225f528f66,building_status,2
73d56049f2c8f07e128679d43737242cf949bdc4,,1
a234a7406f4e7ccdaffac6775d2787cd00999e4d,,1
fb399b795b1625790931e77080a9bce0d7c72a89,,1
e910779cf68c388519bd061ca01d8c672e49877d,,1
e6b40cb42e62375964fff41f6324ab75b7927a0a,,1
40fb768312fcefdf730084be612b6c145240cf1d,,1
ed13beccb026328505ad45cc9351bfa193da7768,,1
592ef7125d9b3ec8169ad2d7ad16cb1075580358,,1
77f3008a52b2a7aac65172e84275616341066ad8,,1
6120ca0e3791a7a8adadd369483029589b963f25,"size_m2,price",2
ca128c81b7635aab33f517379f113cc908f10358,"room_number,building_status",2
3bf006c3fed9fa35babda8bf25c719014cd820ff,,1
742bc2a645ca2b7557b95609c55b5d72fb2b7e6b,,1
1e0164a74276c1193da42bef10ec32f1fe4b9ac8,,1
0409fcaf2e4d9d7612cdbef44f31e83e3ccb1efa,,1
4800c67cb495138df3c6c26bc9d6e62a7d17a791,,1
35a2d19d9c04951a89915f30a62cdf35e0ad2628,,1
31cdffaea8da75e112d4377d49c60ca191a8b947,,1
b53ef94e42f20aa3d05805962f082ab145a94239,,1
17dd915c7d9e195889e84a4e17a365440021cec2,,1
5b0a6f05ea379cebbbf488a384499f75ae6d3383,,1
7d0a475139ec1473f277974a5100b8c26b015a30,building_status,2
b0c97cf42abb0f0a727636d8960396bde37f6089,,1
8518f60fda740ccd538d1a88dda352bd65ced44f,,1
a93da16b4f27b9b460dbd3fc0f307b97642607f4,,1
34fb9a58bd6ab18c5c7c1e69d0e81fbeefb4971e,,1
51d2e7f6ed68adc0f11ff6853ecb927d3885f962,,1
a2195b9773502b805ed14e73d03ef6bc6b1067ad,,1
44523957776dc890112fa4d6fc10d97a488a794f,,1
b924438b57b0d14443de522ef72c49de8b27cf17,,1
0f2f0f764b25119fe651611ed6d92934a7a26bc9,,1
542a39e1e87bd3b863db4a9a6cd4db9735bd15af,"size_m2,price,room_number",4
9646209e31d334a610cdfc2301f698288faabbea,price,2
21ae56ddb0f5870e6333a12c2d4e88c3377e587f,,1
b5bfb72c1c9d00b81699ecde5ca42b9c8346810c,,2
26a9f0733ca63aa161022b7ff458e6432f5df2b4,,1
e6a2524c1b511efbad56044aaa43f954443ab3a6,,1
96ac8c357bae1457e7c13fc0cd0afb587cbd735b,,1
5cad29a8041cfe2dc1f72a479c7170b50dfc9dae,,1
24fc240ccc53793656da7fec54d0a2f32c23e2ae,,1
ebf318263ab2aad2f13665b739d41cf135720dd4,,1
181fd2283e302e1b7f0c4521035208f6c37b037f,,1
ff4f49727b3e8b1d6c5178fe517278673adb2df7,,1
7847a73efd6040f5b3b93f06f58997eb062c3dcc,,1
24fb08724e87672adc6f0676b3de2f3ae4620ae9,,1
223cc848d2eb338fcad81183fe7679eb6aaafb62,price,2
fb77af744236e9ad3fb452dc363e41cc98dfa1fc,room_number,2
b103fa855e4cc63fb8bc34b94686f2f64cafe842,,1
ad65123a32c7a00e50137a8d8c06315d5ca83cf2,,1
e805c091efd7b1e6faa92d69d74b4c57d87a4138,price,2
9ed3b4b8e233b95c1fd64da72d6217f67f0ad31e,price,2
63a34b690b46b123f887b9ddbfeca9024f72adb4,building_status,2
aa2c04ded12b9c844fc289fe4037b9e5aef3c8f9,,2
3fd1d1799d201efe46c417a439548605af36f858,,1
311ccaf3b523ddf2b7da366be81140f01fe12b53,,1
43b7fc2981ad1c0d89d84f937e057fada8e74f8a,,1
992a3a3dd37f89c662514c3bedce4a5b6e7d4f47,,1
3a92c345e202a8a75b5e36fc8468d7539b693122,,1
1771676d7a791c981e0d0fd0338fe56dfd359f18,,2
d57475d8ac3aa4ea6754e22551ac64a47eb74d46,,1
21c12454f3c53d18576dc916da979c6354c209c0,,1
03ed0b85baff6254332c75a96a11ed628e27aec1,,1
f77a55a9a8b43a9f19c6f5c06f4a542aa9264bec,,1
7169fd3dfbeea267ecbe34c0515df7880cd1c694,room_number,2
7be38350c02ae7cedde24b47e02b8f840f412afc,,1
2e4b22c3922bbe29769dcbf2358a53f386fb90fa,,1
c4ab6870e4e1e8191dcf12f9612d91a25c184839,building_status,4
f18e920f9b0ec58fa125f5a70cf9d84297e7165d,,1
7fcd3d553958d778c3dc86ac12add1db0be90dc3,,1
2ac1f8ac62bf3b3cfef4bf9e49d998de97281abd,,1
965e7842ee1edfe697dc6b12544da2d5a069155b,,1
a1bce4579446b0c74f859e21180e0644950ee378,,1
50d8f08ed7f19329c43608bd474484b85a470fc5,,1
9ad159c5cc0d62afb37bf7a34fdecd721fd1c795,,1
f8c48da742991d5b9454709fdc76743b81b1630b,,1
9299b2e45ada17bef7425acd8c0218b81f991075,,1
916034a297898cd085d72a56f1742f212fc7bbb3,,1
06218b2450af0128dddf032b54c6528a5e7e1ef1,,1
09b0c140b26e37645ead4db54524ef7ed2f681d2,,1
220ebce45c3d5b78ca155d8d59a4d0bc18fe37ca,,1
961edb1e513f18879297334a0712ad552dc0c450,,1
89aa7da4ff6cec3a898d084d94d7d557d8cf3aba,,1
1914f06bbdb9c3853703c8513b985ad5da2672ee,,1
486fd970eb3a40482522e5a0401b4f294352880f,,1
04d3d1f4a1ddea3b98e1a86c11377f0b7abee5d1,,1
b2d6bbb531ea5b76b43a3ea4f7973afd4db60034,"price,room_number,building_status",2
b0aa5cbf0d3875946e13222982ad73fe85bd5357,,1
bd22d6c011f056468242bbdbed49e1cf847e940a,,1
87a37e53fa95d9d6ee674c80e1b276a32f1b297e,,1
4d599c044a6ee60eb4ba5232e50f4cc2fb2f6993,"room_number,building_status",2
c5e3476de33eb65c39019672cf813c2c8a9e0ecc,,1
44a210d4169b10de63da78381921748945450347,,1
d412a63f29fd45f54482b19833b68a158b05ddb3,,1
03641122bfbfbfb9bb3b72d3c56fccc491e2d5a4,,1
b3b62b5ad530cd76dae9cbbd30e187afcdf49fcf,,1
33f13121f1efecd35fd2b444341ffaaca7de3009,,1
343192b688c0c956820c1d6347f588dc7cba8f73,,1
988b74a413dc6f88329ffef059bd0bcd5e1c0d71,,1
a124d7922f5ca8c155beba7285ab2a3cecc9d1bf,,1
7205b221853101f0af049c94d5a10526c56471de,,1
5e3e2f94f7eb5a3940eeb4fa55ffedc3638f6a41,,1
cf954377d0ba7a5b6ce7d96275132963cff36fff,,1
dc15b06ff8b5c94ac4467326007b16e7f030e731,,1
176e91d2cda401efc9302be3b001516cce197ce9,,1
0943f38932c0ba30dd555c1e0183d7d0f74bcd0d,,1
eced95a07c9f54b1409d53636cb0661b9269517b,,1
ed685c7014623ed37c5ecc2fc88e6572a1ede940,,1
d8c406c4b57cfef1811dc72ba093634cdca371ef,,1
21c4f865d54956432a8529f69c48bf63a8edf678,,1
60af4ab0653039d3d2e6234a36839f5be2c785d2,,1
93d22a3876f9895b95e1086d64f2df521136026b,,1
ecb3985250cce718b54bdf7a82a0230fb2b94e02,,1
da1a7a96ebf93f088c98939d1a94d4781cf9d638,,1
b94903ff33b948b0c150288e58a32910c7960133,,1
43365958761d64d9c0df38c2129361a6db19e35d,,1
009190f13e92a39dcd7e2ec0fa8e465437e999f6,,1
809368ae8df5bd847ff282c1f363f870a018d7d9,,1
6d86eb101447a6f8ddca839e1cffe0988781e88c,,1
83c8ed2b66b98b99e3a9213fbe435fa84780293f,,1
3256f62ff69432a20800d629f880d57658c83d58,,1
c9f46bc00c8b0844f95dfda0338a849700b48705,,1
e8bf71d44ec798754c15eb97f4bde8d36bb5f13f,,1
8467d9e96bc21c24a02fec2b82306391a3865cfe,,1
3ff59e6c729ba193be4d8f0195e1499f0dbd97f5,room_number,2
dca8e4523d2c9a75bcb9a21b3b3810de5f94dbb0,room_number,2
bdebd42e535130e5319add9a5aee270bddcf7eae,,1
e2a93c4a4d82b21558ba0131e3bb4f8dc46bf87f,,1
734d05ff20c58111801a9a634dff7eb7b3597ac2,,1
232612ee25366e709da43592407c0c0271203d6c,,1
3bb6126b3ceb50bd1e79c60663a16d798b82bfd4,,1
3708517e8c487e76df368e68276114c1131dee9c,,1
3a0c6669f9cc6f6d25f993a6a7449d38e77d12e2,,1
e60d453218827bed5b1ab3209c9593cf184cec7d,,1
2aa7236ff19035b4f52bb62481c7204e74ceafa3,,1
bba387e9ddac6f76dac901fdde8c1feef979999b,,1
c01fd192c8bfcc55a6a13a8a38c5a869de0268a0,,1
a8c8b0c18b3437aa4e30d66895f9ff3a04b4d5f9,,1
1913edad3a7df4b04f2e5a92ad7ee566bf534578,,1
ee16b7bc157500745a7729b4567169ae9558c59f,,1
91453888470f4a58d49b0cf7371f6d6afc8294d7,,1
12009e14332748efed4cd8c7151faed7e427f307,size_m2,2
b44a65610d12eee786fcbba76f68cd09d25f6b40,price,2
5477c525c8a15d84e1c53c221d40c9fae0db51f2,,1
d5590079aca3bafaaa66055add3416736a9dab1b,,1
545c720703c020668b43376b568ac033b8da7ad9,,1
a2ef688004f9eff2faaa3e9d4fd85a98b5eb4434,,1
13dfe985cf6543136750db5deb213a82d813930e,,1
caa01a049cffc951a8212d66b6ec18697df2e913,,1
b72e675b21ad02db76f16a0de7cf5a896d359c45,,2
b1d3ea3a05092fbc6656d3ec93bb49126ca85852,,1
143b4d5af7bbcb99cfc40a316d5d7a5dde76b350,,1
2127568b1a9d810cfe59385ca77320a39f5bc407,,1
5d280ef3066a6a706cfdcf1e3209b64c8d488de9,,1
39425b0a8e13a7b9afbc69ee74d0b54414e4fdf1,,1
ed6410fcbffa076ade485944588631690d4fd5df,,1
583e040ee78585555722098511812f8a91800f8f,,1
40e0630539d05bbefe043d35c852b05127b2a7cd,price,2
b8028de07f3e1938cc6175522ebf77a9463fbba3,,1
7fe0dcb0b29b004f3bcd67b6cf974b28d85ccc53,,1
ffa4794bb79e01662fdd078dd402f90c89f682d6,,1
65eb7886213641f467308aac1abc76a358b8389a,,1
df50eed8b434d02bd4e2dd998b655ff2fbb41c29,,1
8c3abab2b17cd468775b62a84d959ad10b72cc38,,1
3af502fc807f355b8383375f30f8e62cf000ec9e,,1
6c4185a46c2171681ba1cdb5edc31aa7d403430a,,2
2f0fbd20966642d5838ac206a0f36cd9b8256eda,,1
30833f20a89f0e51301f121e6b8ac39b29e48146,room_number,3
bdd7a7b511f39b6fbcde9078512d2bedeae12ac5,,3
532135486456d5a10e945aa46bc61688f9a465bb,,2
868c246a2de08676df424467494ce519551586fd,,1
aff858eced149c023c2702ec4967dfe82f00f455,,1
73e6e1d2b19ec9513bed7116b2d13314b4028c7d,,1
4a4f1497da4772c3024c122ed570b73474da5134,,1
fb76ff8ed4984dd90837daca95865980c1dc19ad,,1
46a31510019e0cfda9bb5fc98c782aa0b8ab9f99,,1
2cb7f9e87dfedce1dfce2102de882db3e339c610,,1
3d00157eff3dbe66424d46aaab61b8c3098a59d4,,1
bf6903de2d8b1298c6980e6782f26a4cc2396f58,"size_m2,price",8
24a4b0cb2da456d4274fcee155fc1d350625a50d,,1
1cdb4dafaa44f6d5c161ddcf139746448ff8568f,,1
12bba76939be623fac316082c760c476e09ff8fd,,1
a51f5ed3f28f089ca8e94508de82ec833cee4e12,,1
7aaa5828a4c309c5a492a349455980c3c25b7471,,1
52731a98cfc9ea4288028c05b55e7d21074a3c4e,,1
0224d3e22d487c6d175a42498c6948362989951f,,1
01d7d8b5c5c2ae1899ee914020a64ba21a20c30a,"size_m2,price,room_number",2
62f2b7421289bd0b721e678846fb4b96923630df,"size_m2,price,room_number",3
c0494844ba9238f312d2bef33e0e9ec2e7d61ee4,,1
b0cf637df008218030f5417710f7c04b67eec4af,,1
ba2c7772da302ed464be7aa531c349c41c063e2a,,1
71a81afe62991d293ee19ce69802cb157d405bdf,,1
1f24f66c8ac5b86b2acd6b61fb4fc229555b78be,,1
280b582ea59c7bf20431b058124fb26a2884880f,,1
f9a473d682dac189f69be5bc9b5112dcb70e758d,,1
6d374e22e4684d0741f0c212ebdb0b3e153af1b2,,1
fc88256384dd5b8593664f5569870f52ea3fda08,,1
e4f514a17f4d6c68e9f4a67ae1ba2ce5cec86316,,1
68f206cf777e4a6085efe481241887c5be97e9df,,1
afbd3d25c4d4b015ddaba2ad49858245d0be982a,,1
a588186d6d25c4b378beb55d8cd42b3b83004b9a,,1
f8deb289f8b0b05c162f9a535ab731cc0cb18563,,1
bbe8db72a9c08d76abc08512ac6a866e534cca1e,,1
c52eaeb95a73849e5c0e84809a15ceb0dcb32355,,1
829cb0a7e226aad3119486f1351d430a24f66d3f,,1
cb31d03f1e989315094659a020a2eae5ceec774c,,1
2441d2307792584e08dff34be46857789b2f483a,,1
fec9bff81646f9f33ac0956b4c4bd33a7cd7616e,,1
8a0e4ffde6df64e09c15678b79ad37e4116b4dad,,1
420967ad92a2f46fa52d03bf0d2f0924a2671516,,1
3bf916ba5e3df9af12730edb2baf6f01c0f62b8a,,1
ec852487c16a3c3f82363adad1ecad76fa37df23,,1
8d8a587934d2c4ee3428e2a1bbaf45456df48b92,,1
e3fe3bc0e730ab9d98b5cc74995f7d131beed932,,1
76413910009d8e3832e0a73a9a83bf1edee4ec53,,1
fa855ba02eb2ca50021dc72a07aa568adb55642f,,1
b8f8b663653580002a0c68ca59d64f8b1b15a873,"size_m2,price",2
600eb970d8f9b57ea509a0f719b69d86311bf6ae,,1
ff7a0318d17942d16d2bc95186eabd151bf32c42,,1
4ed713dc3c48bd480b7dd1acea3854d3c6f2fa46,,1
1af9581b33df618d7ee5e3cbb4c19ecd1e69c257,,1
fa323e032bc5ffde17846c8a352dbdb7ce552c34,,1
03888d8d26e70a7e56a94d41d6638b093f7a79f0,,1
5a6b9d3e8faae10c0ef58ee97c5e759b3e6bfff5,,1
daac443a51cd1cd897298678a3fabc280642c3eb,,1
cb07c2e9a4ad918579abbc8e903aedae0f3b81c7,,1
d343ac7ecb0046afb40f40a694cdcf981c4de176,,1
d7b25702cd8a6db9347f496090941e91915dd5e1,,1
6f2a1a15895bfa3f405ce1d71ea9f43d216b9365,,1
bba387e9ddac6f76dac901fdde8c1feef979999b,,1
fab095f4f5a95de0ad41641a4e525be71c83a832,,1
24450754577a5475bbea600760c385649c75bc1b,,1
7f5d7f8e623633d0155e88d85b81aefc3dac3a01,,1
3bf61cdea46c1d7e97b3d518e23862a54943bae1,,2
5fa9d56bc2ef5daea8425cbd9772ddb921c62e2c,,1
1dc42fb389e8ca9982953b6d8e8c6a5bae499e48,,2
64437bf6cf69636075dc2595920b14bc665c363b,,1
85b2013777f9860010988513fd4489e92f7e2490,,1
e9f8234f7846cbb883113146e847eb647a419b67,,1
e4f3e158bde6c7673b1d6df282fa480576d9ac94,,1
b6b8217fdb84556f70d82f3a1df1406464f91185,,1
6c09d3e3ecdc3a4773e8035c022fb36649d82687,,1
b00ba69466368fad27c736ca6c0ef7e156ef48af,,1
df1d88d54bc8bdbc73842ac6ceb27c2287a6881f,,1
2fbad05170f8030e9941127ae5e019334dad1026,,1
d6e8eaf218635b4e5d2847fe2da8d39ea6b4c8a0,,1
1b1998a9c4f9a5cbc75553668398e74a135e0e85,,1
72345688403d781834f5d7f845dc0222d77e2303,,1
f2bf9c26b69a54d9f7041e6d915bcf0e3721f7e4,,1
941ae4374fb6b76a9602e9a603e9c858ccc3d026,,1
558cfb6f5f1cf51aa205b6b52cd32778679d3992,,1
